Date,Match_Result,Home_Team,Home_Team_code,Away_Team,Away_Team_code,GF_rolling_home,GA_rolling_home,xG_rolling_home,xGA_rolling_home,Poss_rolling_home,Sh_rolling_home,SoT_rolling_home,FK_rolling_home,PKatt_rolling_home,GF_rolling_away,GA_rolling_away,xG_rolling_away,xGA_rolling_away,Poss_rolling_away,Sh_rolling_away,SoT_rolling_away,FK_rolling_away,PKatt_rolling_away,GD_home,Win%_home,Draw%_home,Loss%_home,GD_away,Win%_away,Draw%_away,Loss%_away
2024-09-14,2,Aston Villa,1,Everton,7,1.3333333333333333,1.3333333333333333,1.5333333333333332,1.2,43.666666666666664,12.0,3.6666666666666665,0.0,0.0,0.6666666666666666,3.3333333333333335,1.0999999999999999,2.0666666666666664,39.0,12.333333333333334,3.3333333333333335,0.0,0.0,0.0,0.6666666666666666,0.0,0.3333333333333333,-8.0,0.0,0.0,1.0
2024-09-14,0,Liverpool,11,Nottingham Forest,15,2.3333333333333335,0.0,2.3000000000000003,0.7999999999999999,57.0,16.0,5.333333333333333,0.3333333333333333,0.0,1.0,0.6666666666666666,1.5,0.6666666666666666,47.0,17.666666666666668,7.0,0.3333333333333333,0.0,7.0,1.0,0.0,0.0,1.0,0.3333333333333333,0.6666666666666666,0.0
2024-09-14,0,Southampton,16,Manchester United,13,0.3333333333333333,1.6666666666666667,1.1333333333333335,1.7666666666666666,68.0,14.0,3.3333333333333335,0.6666666666666666,0.0,0.6666666666666666,1.6666666666666667,1.7333333333333332,1.4333333333333333,53.333333333333336,11.0,3.6666666666666665,0.0,0.0,-4.0,0.0,0.0,1.0,-3.0,0.3333333333333333,0.0,0.6666666666666666
2024-09-14,1,Crystal Palace,6,Leicester City,10,0.6666666666666666,1.6666666666666667,1.0,1.8,50.0,12.333333333333334,3.6666666666666665,0.6666666666666666,0.0,1.0,1.6666666666666667,0.6666666666666666,1.4666666666666668,44.333333333333336,8.666666666666666,3.3333333333333335,0.3333333333333333,0.0,-3.0,0.0,0.3333333333333333,0.6666666666666666,-2.0,0.0,0.3333333333333333,0.6666666666666666
2024-09-14,2,Manchester City,12,Brentford,3,3.0,0.6666666666666666,2.3666666666666667,0.6666666666666666,64.66666666666667,15.666666666666666,5.666666666666667,0.6666666666666666,0.3333333333333333,1.6666666666666667,1.3333333333333333,1.6333333333333335,1.7333333333333334,40.333333333333336,12.333333333333334,4.666666666666667,0.0,0.0,7.0,1.0,0.0,0.0,1.0,0.6666666666666666,0.0,0.3333333333333333
2024-09-14,1,Brighton and Hove Albion,4,Ipswich Town,9,2.0,0.6666666666666666,1.7333333333333334,1.3333333333333333,57.333333333333336,15.333333333333334,4.333333333333333,0.3333333333333333,0.0,0.6666666666666666,2.3333333333333335,0.39999999999999997,2.2666666666666666,37.0,6.333333333333333,2.3333333333333335,0.3333333333333333,0.0,4.0,0.6666666666666666,0.3333333333333333,0.0,-5.0,0.0,0.3333333333333333,0.6666666666666666
2024-09-14,1,Fulham,8,West Ham United,18,1.0,1.0,1.0333333333333334,1.1333333333333333,50.333333333333336,12.333333333333334,4.0,0.3333333333333333,0.0,1.3333333333333333,1.6666666666666667,1.4666666666666666,2.1,42.333333333333336,13.666666666666666,2.3333333333333335,0.0,0.3333333333333333,0.0,0.3333333333333333,0.3333333333333333,0.3333333333333333,-1.0,0.3333333333333333,0.0,0.6666666666666666
2024-09-14,0,Bournemouth,2,Chelsea,5,1.6666666666666667,1.3333333333333333,1.9333333333333336,1.5666666666666667,46.333333333333336,15.333333333333334,5.0,0.6666666666666666,0.0,2.3333333333333335,1.6666666666666667,1.6666666666666667,1.0666666666666667,56.666666666666664,12.333333333333334,6.0,0.6666666666666666,0.0,1.0,0.3333333333333333,0.6666666666666666,0.0,2.0,0.3333333333333333,0.3333333333333333,0.3333333333333333
2024-09-15,0,Tottenham Hotspur,17,Arsenal,0,2.0,1.0,1.5999999999999999,1.2666666666666666,68.33333333333333,16.0,6.333333333333333,0.6666666666666666,0.0,1.6666666666666667,0.3333333333333333,1.4000000000000001,1.1333333333333333,49.666666666666664,12.666666666666666,5.666666666666667,0.0,0.0,3.0,0.3333333333333333,0.3333333333333333,0.3333333333333333,4.0,0.6666666666666666,0.3333333333333333,0.0
2024-09-15,0,Wolverhampton Wanderers,19,Newcastle United,14,1.0,3.0,1.0333333333333332,1.2666666666666666,45.0,10.666666666666666,3.0,0.6666666666666666,0.0,1.3333333333333333,0.6666666666666666,1.2333333333333334,1.7333333333333334,39.666666666666664,8.666666666666666,3.0,0.0,0.0,-6.0,0.0,0.3333333333333333,0.6666666666666666,2.0,0.6666666666666666,0.3333333333333333,0.0
2024-09-21,2,Fulham,8,Newcastle United,14,1.0,1.0,1.15,1.05,51.25,14.5,4.25,0.75,0.0,1.5,0.75,1.3,1.6,42.5,10.0,3.75,0.0,0.0,0.0,0.25,0.5,0.25,3.0,0.75,0.25,0.0
2024-09-21,1,Leicester City,10,Everton,7,1.25,1.75,0.8,1.725,41.75,8.75,3.5,0.25,0.0,1.0,3.25,1.05,2.075,36.25,10.75,3.0,0.0,0.0,-2.0,0.0,0.5,0.5,-9.0,0.0,0.0,1.0
2024-09-21,2,Aston Villa,1,Wolverhampton Wanderers,19,1.75,1.5,1.675,1.125,50.75,13.25,4.5,0.0,0.0,1.0,2.75,1.075,1.325,46.0,11.0,3.5,0.5,0.0,1.0,0.75,0.0,0.25,-7.0,0.0,0.25,0.75
2024-09-21,0,West Ham United,18,Chelsea,5,1.25,1.5,1.2999999999999998,1.95,43.25,13.0,2.5,0.0,0.25,2.0,1.25,1.45,1.225,59.0,11.75,5.25,0.5,0.0,-1.0,0.25,0.25,0.5,3.0,0.5,0.25,0.25
2024-09-21,1,Southampton,16,Ipswich Town,9,0.25,2.0,1.125,1.975,62.0,11.75,3.0,0.5,0.25,0.5,1.75,0.375,2.1,35.75,6.25,2.0,0.25,0.0,-7.0,0.0,0.0,1.0,-5.0,0.0,0.5,0.5
2024-09-21,2,Tottenham Hotspur,17,Brentford,3,1.5,1.0,1.375,1.125,67.0,15.75,6.0,0.5,0.0,1.5,1.5,1.475,1.8250000000000002,41.75,11.25,4.75,0.0,0.0,2.0,0.25,0.25,0.5,0.0,0.5,0.0,0.5
2024-09-21,2,Liverpool,11,Bournemouth,2,1.75,0.25,1.95,0.7,59.75,15.5,5.25,0.25,0.0,1.25,1.25,1.875,1.375,43.25,16.0,5.25,0.5,0.25,6.0,0.75,0.0,0.25,0.0,0.25,0.5,0.25
2024-09-21,1,Crystal Palace,6,Manchester United,13,1.0,1.75,1.375,1.65,54.0,14.0,3.5,0.75,0.25,1.25,1.25,1.95,1.35,54.0,13.25,5.25,0.0,0.0,-3.0,0.0,0.5,0.5,0.0,0.5,0.0,0.5
2024-09-22,1,Brighton and Hove Albion,4,Nottingham Forest,15,1.5,0.5,1.7,1.075,60.0,16.75,4.75,0.75,0.0,1.0,0.5,1.225,0.725,43.25,14.5,6.0,0.25,0.0,4.0,0.5,0.5,0.0,2.0,0.5,0.5,0.0
2024-09-22,1,Manchester City,12,Arsenal,0,2.75,0.75,2.3,0.75,62.0,16.25,6.0,0.5,0.25,1.5,0.25,1.225,1.025,46.5,11.25,5.25,0.0,0.0,8.0,1.0,0.0,0.0,5.0,0.75,0.25,0.0
2024-09-28,1,Brentford,3,West Ham United,18,1.4,1.8,1.34,2.16,43.8,10.2,5.0,0.0,0.0,1.0,1.8,1.22,2.0,45.2,13.4,3.4,0.2,0.2,-2.0,0.4,0.0,0.6,-4.0,0.2,0.2,0.6
2024-09-28,2,Arsenal,0,Leicester City,10,1.6,0.6,1.1199999999999999,1.24,41.8,10.0,4.8,0.0,0.0,1.2,1.6,0.78,1.6,45.0,9.4,3.2,0.2,0.0,5.0,0.6,0.4,0.0,-2.0,0.0,0.6,0.4
2024-09-28,2,Chelsea,5,Brighton and Hove Albion,4,2.2,1.0,1.6,1.16,56.6,11.8,5.2,0.4,0.0,1.6,0.8,1.56,1.1400000000000001,62.0,16.2,4.4,0.8,0.0,6.0,0.6,0.2,0.2,4.0,0.4,0.6,0.0
2024-09-28,0,Wolverhampton Wanderers,19,Liverpool,11,1.0,2.8,0.96,1.4,46.2,10.8,3.6,0.4,0.0,2.0,0.2,1.9600000000000002,0.78,59.4,16.2,6.6,0.2,0.0,-9.0,0.0,0.2,0.8,9.0,0.8,0.0,0.2
2024-09-28,2,Everton,7,Crystal Palace,6,1.0,2.8,1.06,1.8,37.4,12.0,3.4,0.2,0.0,0.8,1.4,1.3,1.64,49.8,13.0,3.6,0.6,0.2,-9.0,0.0,0.2,0.8,-3.0,0.0,0.6,0.4
2024-09-28,1,Newcastle United,14,Manchester City,12,1.4,1.2,1.34,1.72,46.2,11.2,4.0,0.2,0.0,2.6,1.0,2.2600000000000002,0.74,65.0,19.6,7.0,0.6,0.2,1.0,0.6,0.2,0.2,8.0,0.8,0.2,0.0
2024-09-28,0,Nottingham Forest,15,Fulham,8,1.2,0.8,1.26,0.78,40.6,12.2,5.2,0.2,0.2,1.4,1.0,1.36,1.1400000000000001,48.8,16.0,5.6,0.6,0.0,2.0,0.4,0.6,0.0,2.0,0.4,0.4,0.2
2024-09-29,0,Manchester United,13,Tottenham Hotspur,17,1.0,1.0,1.8800000000000001,1.28,56.6,13.6,5.4,0.0,0.0,1.8,1.0,1.8,1.06,63.2,17.2,6.6,0.4,0.0,0.0,0.4,0.2,0.4,4.0,0.4,0.2,0.4
2024-09-29,1,Ipswich Town,9,Aston Villa,1,0.6,1.6,0.62,2.16,38.0,7.6,2.8,0.2,0.0,2.0,1.4,1.6800000000000002,1.0,51.2,12.4,4.2,0.2,0.0,-5.0,0.0,0.6,0.4,3.0,0.8,0.0,0.2
2024-09-30,2,Bournemouth,2,Southampton,16,1.0,1.6,1.72,1.5,43.0,16.6,5.4,0.6,0.2,0.4,1.8,1.3800000000000001,1.9,60.2,11.6,3.0,0.4,0.2,-3.0,0.2,0.4,0.4,-7.0,0.0,0.2,0.8
2024-10-05,2,Arsenal,0,Southampton,16,2.0,1.0,1.7600000000000002,1.2,46.0,13.4,6.8,0.0,0.0,0.6,2.2,1.1400000000000001,2.1,56.8,9.6,3.0,0.2,0.2,7.0,0.6666666666666666,0.3333333333333333,0.0,-9.0,0.0,0.16666666666666666,0.8333333333333334
2024-10-05,2,Brentford,3,Wolverhampton Wanderers,19,1.2,1.8,1.0999999999999999,2.12,46.0,10.0,4.6,0.2,0.0,1.2,2.8,0.9799999999999999,1.6600000000000001,45.8,10.6,3.6,0.2,0.0,-2.0,0.3333333333333333,0.16666666666666666,0.5,-10.0,0.0,0.16666666666666666,0.8333333333333334
2024-10-05,2,West Ham United,18,Ipswich Town,9,1.0,1.6,0.96,1.6800000000000002,43.4,14.6,3.6,0.2,0.0,1.0,1.6,0.76,1.8,39.2,9.2,3.4,0.2,0.0,-4.0,0.16666666666666666,0.3333333333333333,0.5,-5.0,0.0,0.6666666666666666,0.3333333333333333
2024-10-05,2,Manchester City,12,Fulham,8,2.4,1.2,2.28,0.86,67.0,20.6,7.2,0.6,0.2,1.6,0.8,1.54,0.82,51.6,16.6,5.4,0.6,0.2,8.0,0.6666666666666666,0.3333333333333333,0.0,3.0,0.5,0.3333333333333333,0.16666666666666666
2024-10-05,2,Leicester City,10,Bournemouth,2,1.4,2.2,0.6399999999999999,2.2399999999999998,44.2,9.0,3.2,0.2,0.0,1.4,1.6,1.7399999999999998,1.3599999999999999,41.6,16.8,5.8,0.4,0.2,-4.0,0.0,0.5,0.5,-1.0,0.3333333333333333,0.3333333333333333,0.3333333333333333
2024-10-05,1,Everton,7,Newcastle United,14,1.4,2.4,1.1400000000000001,1.7,37.6,11.8,3.6,0.2,0.0,1.4,1.4,1.6,1.54,49.2,12.6,4.4,0.2,0.2,-8.0,0.16666666666666666,0.16666666666666666,0.6666666666666666,1.0,0.5,0.3333333333333333,0.16666666666666666
2024-10-05,0,Crystal Palace,6,Liverpool,11,0.8,1.4,1.24,1.5,50.8,13.6,3.2,0.6,0.2,2.0,0.4,1.9400000000000002,0.8,58.0,14.4,6.6,0.4,0.2,-4.0,0.0,0.5,0.5,10.0,0.8333333333333334,0.0,0.16666666666666666
2024-10-06,2,Brighton and Hove Albion,4,Tottenham Hotspur,17,1.4,1.6,1.5000000000000002,1.8800000000000001,61.8,17.2,4.4,1.2,0.0,2.2,0.8,2.44,1.06,61.4,19.0,7.4,0.4,0.0,2.0,0.3333333333333333,0.5,0.16666666666666666,7.0,0.5,0.16666666666666666,0.3333333333333333
2024-10-06,1,Chelsea,5,Nottingham Forest,15,3.0,1.0,2.2399999999999998,1.22,55.2,12.6,5.6,0.6,0.2,1.0,0.8,1.16,0.8,38.2,11.6,3.8,0.2,0.2,8.0,0.6666666666666666,0.16666666666666666,0.16666666666666666,1.0,0.3333333333333333,0.5,0.16666666666666666
2024-10-06,1,Aston Villa,1,Manchester United,13,2.0,1.6,1.44,0.78,52.8,10.8,4.2,0.4,0.0,0.8,1.6,1.6,2.08,53.4,13.0,4.8,0.0,0.0,3.0,0.6666666666666666,0.16666666666666666,0.16666666666666666,-3.0,0.3333333333333333,0.16666666666666666,0.5
2024-10-19,2,Tottenham Hotspur,17,West Ham United,18,1.8,1.4,2.22,1.22,59.2,19.0,6.6,0.2,0.0,1.4,1.8,1.4,1.54,45.4,15.6,5.4,0.4,0.0,6.0,0.42857142857142855,0.14285714285714285,0.42857142857142855,-1.0,0.2857142857142857,0.2857142857142857,0.42857142857142855
2024-10-19,2,Bournemouth,2,Arsenal,0,1.2,1.6,1.72,1.2,44.8,17.4,5.4,0.2,0.2,2.2,1.2,2.1399999999999997,1.08,45.8,17.4,7.2,0.0,0.0,-2.0,0.2857142857142857,0.2857142857142857,0.42857142857142855,9.0,0.7142857142857143,0.2857142857142857,0.0
2024-10-19,0,Southampton,16,Leicester City,10,0.8,2.6,1.24,2.2199999999999998,52.2,10.2,3.2,0.2,0.2,1.4,1.8,0.6799999999999999,2.3,44.0,8.2,2.8,0.0,0.0,-11.0,0.0,0.14285714285714285,0.8571428571428571,-3.0,0.14285714285714285,0.42857142857142855,0.42857142857142855
2024-10-19,2,Manchester United,13,Brentford,3,0.6,1.2,1.44,1.7600000000000002,52.4,12.8,5.0,0.2,0.0,2.2,2.0,1.8399999999999999,1.8200000000000003,47.2,12.0,6.4,0.4,0.2,-3.0,0.2857142857142857,0.2857142857142857,0.42857142857142855,0.0,0.42857142857142855,0.14285714285714285,0.42857142857142855
2024-10-19,0,Fulham,8,Aston Villa,1,1.6,1.2,1.7,1.02,49.2,15.2,5.0,0.4,0.2,2.0,1.2,1.3,0.72,55.4,10.8,3.8,0.6,0.0,2.0,0.42857142857142855,0.2857142857142857,0.2857142857142857,3.0,0.5714285714285714,0.2857142857142857,0.14285714285714285
2024-10-19,0,Ipswich Town,9,Everton,7,1.0,1.6,0.8200000000000001,1.86,43.8,10.8,3.6,0.2,0.0,1.4,1.6,1.08,1.64,38.2,11.4,3.8,0.4,0.0,-8.0,0.0,0.5714285714285714,0.42857142857142855,-8.0,0.14285714285714285,0.2857142857142857,0.5714285714285714
2024-10-19,0,Newcastle United,14,Brighton and Hove Albion,4,1.2,1.2,1.7,1.24,50.4,12.4,3.6,0.2,0.4,1.6,1.8,1.44,1.86,60.4,16.6,4.4,1.0,0.0,1.0,0.42857142857142855,0.42857142857142855,0.14285714285714285,3.0,0.42857142857142855,0.42857142857142855,0.14285714285714285
2024-10-20,2,Liverpool,11,Chelsea,5,1.8,0.4,1.7200000000000002,0.82,59.2,13.8,5.8,0.2,0.2,2.0,0.8,2.38,1.02,56.2,14.2,5.6,0.4,0.2,11.0,0.8571428571428571,0.0,0.14285714285714285,8.0,0.5714285714285714,0.2857142857142857,0.14285714285714285
2024-10-20,0,Wolverhampton Wanderers,19,Manchester City,12,1.4,2.6,0.8,2.18,49.0,11.6,4.0,0.0,0.0,2.2,1.4,1.94,1.32,63.6,22.0,7.8,0.6,0.0,-12.0,0.0,0.14285714285714285,0.8571428571428571,9.0,0.7142857142857143,0.2857142857142857,0.0
2024-10-21,2,Nottingham Forest,15,Crystal Palace,6,1.0,1.0,0.9,1.2399999999999998,38.0,10.2,4.0,0.6,0.2,0.8,1.2,1.1,1.5,45.6,12.6,3.8,0.6,0.2,1.0,0.2857142857142857,0.5714285714285714,0.14285714285714285,-5.0,0.0,0.42857142857142855,0.5714285714285714
2024-10-25,0,Leicester City,10,Nottingham Forest,15,1.8,1.8,1.22,2.4400000000000004,44.2,9.8,2.8,0.0,0.2,1.0,0.8,1.0399999999999998,1.3,37.8,11.0,4.2,0.4,0.2,-2.0,0.25,0.375,0.375,2.0,0.375,0.5,0.125
2024-10-26,2,Manchester City,12,Southampton,16,2.0,1.4,1.6600000000000001,1.34,65.6,21.8,7.6,0.8,0.0,1.0,2.6,1.3599999999999999,2.2800000000000002,48.0,9.4,3.4,0.0,0.2,10.0,0.75,0.25,0.0,-12.0,0.0,0.125,0.875
2024-10-26,1,Everton,7,Fulham,8,1.4,1.0,1.06,1.42,37.8,10.0,3.8,0.6,0.0,1.6,1.6,1.8800000000000001,1.26,49.2,15.2,4.8,0.4,0.4,-6.0,0.25,0.25,0.5,0.0,0.375,0.25,0.375
2024-10-26,1,Aston Villa,1,Bournemouth,2,2.2,1.2,1.3400000000000003,1.0,56.4,11.6,3.8,0.8,0.0,1.0,1.2,1.6,0.9799999999999999,44.0,16.4,4.6,0.2,0.4,5.0,0.625,0.25,0.125,0.0,0.375,0.25,0.375
2024-10-26,1,Brighton and Hove Albion,4,Wolverhampton Wanderers,19,1.6,1.6,1.3199999999999998,1.8400000000000003,55.6,14.2,4.6,1.0,0.0,1.4,2.8,0.82,2.3,44.0,10.0,4.0,0.0,0.0,4.0,0.5,0.375,0.125,-13.0,0.0,0.125,0.875
2024-10-26,2,Brentford,3,Ipswich Town,9,1.8,2.2,1.46,1.78,49.8,9.6,5.4,0.6,0.2,0.8,1.8,1.0,2.02,45.2,11.2,3.2,0.4,0.0,-1.0,0.375,0.125,0.5,-10.0,0.0,0.5,0.5
2024-10-27,2,Chelsea,5,Newcastle United,14,2.0,1.0,2.1,1.3,55.2,14.0,4.6,0.4,0.2,0.8,1.2,1.7399999999999998,1.22,55.4,14.8,4.2,0.6,0.4,7.0,0.5,0.25,0.25,0.0,0.375,0.375,0.25
2024-10-27,2,West Ham United,18,Manchester United,13,1.4,2.0,1.42,1.3199999999999998,47.4,15.8,5.6,0.4,0.0,1.0,0.8,1.4200000000000002,1.5800000000000003,51.8,15.8,6.6,0.2,0.0,-4.0,0.25,0.25,0.5,-2.0,0.375,0.25,0.375
2024-10-27,1,Arsenal,0,Liverpool,11,2.0,1.4,1.8599999999999999,1.1,48.8,16.4,6.0,0.0,0.0,1.6,0.6,1.7399999999999998,0.74,58.4,13.2,6.0,0.4,0.4,7.0,0.625,0.25,0.125,12.0,0.875,0.0,0.125
2024-10-27,2,Crystal Palace,6,Tottenham Hotspur,17,0.6,1.2,1.2,1.3599999999999999,47.8,14.8,4.6,0.4,0.2,2.4,1.2,2.3600000000000003,1.02,57.6,19.4,6.8,0.0,0.0,-6.0,0.0,0.375,0.625,9.0,0.5,0.125,0.375
2024-11-02,2,Liverpool,11,Brighton and Hove Albion,4,2.0,0.8,1.72,0.8400000000000001,55.8,12.2,5.8,0.4,0.4,2.0,2.0,1.2600000000000002,2.04,52.2,13.8,4.6,0.8,0.0,12.0,0.7777777777777778,0.1111111111111111,0.1111111111111111,4.0,0.4444444444444444,0.4444444444444444,0.1111111111111111
2024-11-02,2,Bournemouth,2,Manchester City,12,1.2,1.2,1.32,1.1800000000000002,45.8,14.8,4.0,0.2,0.2,1.8,1.2,1.8200000000000003,1.1800000000000002,66.2,22.6,7.6,0.8,0.0,0.0,0.3333333333333333,0.3333333333333333,0.3333333333333333,11.0,0.7777777777777778,0.2222222222222222,0.0
2024-11-02,2,Nottingham Forest,15,West Ham United,18,1.4,1.0,1.2999999999999998,1.2799999999999998,38.4,14.0,4.6,0.6,0.2,1.6,2.0,1.8199999999999998,1.48,46.6,15.8,5.4,0.4,0.2,4.0,0.4444444444444444,0.4444444444444444,0.1111111111111111,-3.0,0.3333333333333333,0.2222222222222222,0.4444444444444444
2024-11-02,2,Southampton,16,Everton,7,1.0,2.2,1.1800000000000002,2.34,47.8,9.4,3.4,0.0,0.0,1.2,0.6,1.04,1.24,40.2,10.8,4.4,0.6,0.0,-13.0,0.0,0.1111111111111111,0.8888888888888888,-6.0,0.2222222222222222,0.3333333333333333,0.4444444444444444
2024-11-02,1,Wolverhampton Wanderers,19,Crystal Palace,6,1.6,2.8,0.8400000000000001,2.2600000000000002,44.0,10.4,4.4,0.0,0.0,0.4,0.8,0.86,1.2600000000000002,41.4,13.8,5.2,0.4,0.0,-13.0,0.0,0.2222222222222222,0.7777777777777778,-5.0,0.1111111111111111,0.3333333333333333,0.5555555555555556
2024-11-02,2,Newcastle United,14,Arsenal,0,0.6,1.4,1.8,1.3000000000000003,55.2,14.2,3.4,0.8,0.4,2.2,1.8,1.9,1.1199999999999999,50.4,16.8,5.8,0.0,0.0,-1.0,0.3333333333333333,0.3333333333333333,0.3333333333333333,7.0,0.5555555555555556,0.3333333333333333,0.1111111111111111
2024-11-02,1,Ipswich Town,9,Leicester City,10,1.4,2.6,1.2,2.5,45.8,12.2,4.0,0.4,0.0,1.6,2.0,1.1400000000000001,2.2800000000000002,50.4,10.2,2.2,0.0,0.2,-11.0,0.0,0.4444444444444444,0.5555555555555556,-4.0,0.2222222222222222,0.3333333333333333,0.4444444444444444
2024-11-03,1,Manchester United,13,Chelsea,5,0.6,1.2,1.3599999999999999,1.92,52.2,15.4,5.6,0.4,0.0,2.2,1.2,2.26,1.32,52.0,15.4,5.4,0.4,0.2,-3.0,0.3333333333333333,0.2222222222222222,0.4444444444444444,8.0,0.5555555555555556,0.2222222222222222,0.2222222222222222
2024-11-03,2,Tottenham Hotspur,17,Aston Villa,1,2.4,1.2,2.3600000000000003,1.04,58.2,18.6,6.4,0.0,0.0,1.8,1.0,1.28,0.8799999999999999,53.4,11.8,4.0,0.8,0.0,8.0,0.4444444444444444,0.1111111111111111,0.4444444444444444,5.0,0.5555555555555556,0.3333333333333333,0.1111111111111111
2024-11-04,2,Fulham,8,Brentford,3,1.6,1.6,1.8199999999999998,1.26,50.4,13.8,4.4,0.0,0.4,2.4,2.4,2.06,1.6200000000000003,53.6,11.8,6.0,0.8,0.4,0.0,0.3333333333333333,0.3333333333333333,0.3333333333333333,0.0,0.4444444444444444,0.1111111111111111,0.4444444444444444
2024-11-09,2,Wolverhampton Wanderers,19,Southampton,16,1.8,2.6,1.04,2.4,46.0,10.6,4.8,0.0,0.0,1.0,2.0,0.8399999999999999,2.34,50.2,9.0,3.2,0.0,0.0,-13.0,0.0,0.3,0.7,-12.0,0.1,0.1,0.8
2024-11-09,2,Brentford,3,Bournemouth,2,2.4,2.2,2.02,1.1800000000000002,49.6,11.6,5.2,0.8,0.4,1.6,0.8,1.5,1.1,44.6,13.4,4.0,0.0,0.2,-1.0,0.4,0.1,0.5,1.0,0.4,0.3,0.3
2024-11-09,1,West Ham United,18,Everton,7,1.6,2.0,1.6599999999999997,1.48,45.2,13.6,4.2,0.2,0.2,1.0,0.6,1.14,1.24,38.8,10.6,4.4,0.8,0.0,-6.0,0.3,0.2,0.5,-7.0,0.2,0.3,0.5
2024-11-09,0,Crystal Palace,6,Fulham,8,0.8,1.2,1.1400000000000001,1.2399999999999998,43.4,15.8,5.6,0.4,0.0,1.4,1.6,1.6400000000000001,1.08,56.2,14.6,4.6,0.0,0.4,-5.0,0.1,0.4,0.5,1.0,0.4,0.3,0.3
2024-11-09,2,Liverpool,11,Aston Villa,1,1.8,1.0,1.6400000000000001,0.82,54.0,11.6,5.0,0.4,0.4,1.4,1.6,1.3,1.2599999999999998,52.6,12.4,3.6,0.6,0.0,13.0,0.8,0.1,0.1,2.0,0.5,0.3,0.2
2024-11-09,2,Brighton and Hove Albion,4,Manchester City,12,1.8,2.0,1.2600000000000002,2.0800000000000005,48.4,13.6,5.0,1.0,0.0,1.6,1.2,1.72,1.44,63.6,19.6,6.2,0.6,0.0,3.0,0.4,0.4,0.2,10.0,0.7,0.2,0.1
2024-11-10,1,Chelsea,5,Arsenal,0,1.8,1.4,2.04,1.54,53.4,15.4,5.0,0.4,0.2,1.8,1.6,1.98,0.8,58.4,17.8,5.2,0.0,0.0,8.0,0.5,0.3,0.2,6.0,0.5,0.3,0.2
2024-11-10,0,Tottenham Hotspur,17,Ipswich Town,9,2.6,1.2,2.14,1.24,58.8,17.2,5.8,0.2,0.0,1.4,2.6,1.08,2.3200000000000003,45.0,12.4,3.2,0.6,0.0,11.0,0.5,0.1,0.4,-11.0,0.0,0.5,0.5
2024-11-10,0,Nottingham Forest,15,Newcastle United,14,1.6,0.6,1.46,1.1,43.2,17.2,5.4,0.8,0.0,0.6,0.8,1.6,1.08,50.4,12.8,3.2,0.6,0.4,7.0,0.5,0.4,0.1,0.0,0.4,0.3,0.3
2024-11-10,2,Manchester United,13,Leicester City,10,0.8,1.4,1.44,1.94,48.0,14.4,5.0,0.6,0.2,1.6,2.0,1.3,2.2600000000000002,50.2,11.8,2.8,0.0,0.2,-3.0,0.3,0.3,0.4,-4.0,0.2,0.4,0.4
2024-11-23,0,Fulham,8,Wolverhampton Wanderers,19,1.6,1.6,1.7399999999999998,1.22,57.2,15.4,5.8,0.0,0.2,2.0,2.2,1.1800000000000002,2.0200000000000005,42.8,10.6,5.0,0.0,0.0,3.0,0.45454545454545453,0.2727272727272727,0.2727272727272727,-11.0,0.09090909090909091,0.2727272727272727,0.6363636363636364
2024-11-23,0,Leicester City,10,Chelsea,5,1.2,1.8,1.3599999999999999,1.54,54.8,12.0,3.2,0.0,0.2,1.2,1.2,1.5,1.6199999999999999,55.0,16.0,4.6,0.8,0.0,-7.0,0.18181818181818182,0.36363636363636365,0.45454545454545453,8.0,0.45454545454545453,0.36363636363636365,0.18181818181818182
2024-11-23,1,Everton,7,Brentford,3,0.6,0.4,1.1800000000000002,1.2200000000000002,40.8,12.6,4.8,0.8,0.0,2.8,2.4,2.2399999999999998,1.5000000000000002,48.4,12.4,5.8,0.6,0.4,-7.0,0.18181818181818182,0.36363636363636365,0.45454545454545453,0.0,0.45454545454545453,0.09090909090909091,0.45454545454545453
2024-11-23,2,Arsenal,0,Nottingham Forest,15,1.2,1.4,1.4,1.0400000000000003,53.8,13.4,2.6,0.0,0.0,1.8,1.0,1.42,1.16,43.8,16.8,5.8,0.8,0.0,6.0,0.45454545454545453,0.36363636363636365,0.18181818181818182,5.0,0.45454545454545453,0.36363636363636365,0.18181818181818182
2024-11-23,0,Manchester City,12,Tottenham Hotspur,17,1.6,1.4,1.9600000000000002,1.58,63.2,19.4,6.2,0.6,0.0,2.2,1.6,1.56,1.36,59.8,15.8,4.8,0.2,0.0,9.0,0.6363636363636364,0.18181818181818182,0.18181818181818182,10.0,0.45454545454545453,0.09090909090909091,0.45454545454545453
2024-11-23,1,Aston Villa,1,Crystal Palace,6,1.0,1.6,1.3800000000000001,1.42,49.0,13.4,3.4,0.4,0.0,0.6,1.2,1.26,1.4200000000000002,38.8,15.0,5.6,0.2,0.0,0.0,0.45454545454545453,0.2727272727272727,0.2727272727272727,-7.0,0.09090909090909091,0.36363636363636365,0.5454545454545454
2024-11-23,0,Bournemouth,2,Brighton and Hove Albion,4,1.4,1.2,1.7600000000000002,1.28,46.4,13.6,3.4,0.2,0.2,1.8,1.4,1.5,1.6600000000000001,44.6,12.6,4.8,0.8,0.0,0.0,0.36363636363636365,0.2727272727272727,0.36363636363636365,4.0,0.45454545454545453,0.36363636363636365,0.18181818181818182
2024-11-24,0,Southampton,16,Liverpool,11,0.8,1.8,0.8399999999999999,2.34,52.4,9.0,2.6,0.2,0.0,1.8,0.8,1.54,0.9399999999999998,55.4,12.6,5.0,0.2,0.2,-14.0,0.09090909090909091,0.09090909090909091,0.8181818181818182,15.0,0.8181818181818182,0.09090909090909091,0.09090909090909091
2024-11-24,1,Ipswich Town,9,Manchester United,13,1.4,2.4,1.1600000000000001,2.46,43.0,11.0,2.8,0.6,0.0,1.4,0.8,1.4,1.18,50.4,14.8,5.2,0.6,0.2,-10.0,0.09090909090909091,0.45454545454545453,0.45454545454545453,0.0,0.36363636363636365,0.2727272727272727,0.36363636363636365
2024-11-25,0,Newcastle United,14,West Ham United,18,1.0,0.8,1.6,1.02,54.0,14.2,3.8,0.6,0.2,1.4,1.8,1.6199999999999999,1.6199999999999999,46.4,12.0,4.8,0.2,0.2,2.0,0.45454545454545453,0.2727272727272727,0.2727272727272727,-6.0,0.2727272727272727,0.2727272727272727,0.45454545454545453
2024-11-29,1,Brighton and Hove Albion,4,Southampton,16,1.6,1.2,1.32,1.7200000000000002,45.4,11.6,4.8,0.8,0.0,1.0,1.8,0.9800000000000001,2.4,51.8,8.6,3.0,0.2,0.2,5.0,0.5,0.3333333333333333,0.16666666666666666,-15.0,0.08333333333333333,0.08333333333333333,0.8333333333333334
2024-11-30,0,Wolverhampton Wanderers,19,Bournemouth,2,2.2,1.4,1.2400000000000002,1.38,39.8,9.2,4.8,0.0,0.0,1.6,1.4,1.6600000000000001,1.3,46.4,13.6,4.0,0.2,0.2,-8.0,0.16666666666666666,0.25,0.5833333333333334,-1.0,0.3333333333333333,0.25,0.4166666666666667
2024-11-30,0,West Ham United,18,Arsenal,0,1.0,1.6,1.0799999999999998,1.8199999999999998,45.4,10.4,3.6,0.2,0.2,1.2,1.2,1.08,0.9800000000000002,55.2,11.4,2.6,0.0,0.0,-4.0,0.3333333333333333,0.25,0.4166666666666667,9.0,0.5,0.3333333333333333,0.16666666666666666
2024-11-30,2,Brentford,3,Leicester City,10,1.8,1.8,1.6199999999999999,1.54,47.8,10.6,4.0,0.4,0.2,1.2,2.2,1.42,1.6600000000000001,53.2,11.4,2.8,0.0,0.4,0.0,0.4166666666666667,0.16666666666666666,0.4166666666666667,-8.0,0.16666666666666666,0.3333333333333333,0.5
2024-11-30,2,Nottingham Forest,15,Ipswich Town,9,1.6,1.4,1.3,0.9399999999999998,43.6,15.0,4.0,0.6,0.0,1.4,1.8,1.3599999999999999,1.9,41.4,11.4,3.6,0.8,0.0,2.0,0.4166666666666667,0.3333333333333333,0.25,-10.0,0.08333333333333333,0.5,0.4166666666666667
2024-11-30,1,Crystal Palace,6,Newcastle United,14,1.0,1.4,1.4,1.7399999999999998,38.6,15.8,5.8,0.4,0.0,1.0,1.2,1.5,1.06,51.2,15.2,4.0,0.6,0.0,-7.0,0.08333333333333333,0.4166666666666667,0.5,0.0,0.4166666666666667,0.25,0.3333333333333333
2024-12-01,2,Chelsea,5,Aston Villa,1,1.4,1.2,1.58,1.6600000000000001,54.6,14.8,4.2,0.8,0.0,1.4,2.0,1.8800000000000001,1.56,52.2,14.4,4.0,0.2,0.2,9.0,0.5,0.3333333333333333,0.16666666666666666,0.0,0.4166666666666667,0.3333333333333333,0.25
2024-12-01,1,Tottenham Hotspur,17,Fulham,8,2.6,1.0,1.8,1.42,56.4,15.0,5.6,0.2,0.0,1.4,1.8,1.42,1.1600000000000001,60.6,15.2,5.6,0.0,0.2,14.0,0.5,0.08333333333333333,0.4166666666666667,0.0,0.4166666666666667,0.25,0.3333333333333333
2024-12-01,2,Liverpool,11,Manchester City,12,2.2,1.2,1.8800000000000001,1.08,54.2,14.6,6.2,0.4,0.4,1.0,1.8,2.06,1.56,63.2,20.0,5.8,0.4,0.0,16.0,0.8333333333333334,0.08333333333333333,0.08333333333333333,5.0,0.5833333333333334,0.16666666666666666,0.25
2024-12-01,2,Manchester United,13,Everton,7,1.6,1.0,1.44,1.4,53.0,15.0,5.2,0.6,0.2,0.6,0.4,1.28,1.02,46.0,16.4,5.4,0.6,0.0,0.0,0.3333333333333333,0.3333333333333333,0.3333333333333333,-7.0,0.16666666666666666,0.4166666666666667,0.4166666666666667
2024-12-03,0,Ipswich Town,9,Crystal Palace,6,1.4,1.6,1.2200000000000002,1.8800000000000001,41.4,10.2,3.6,0.4,0.0,1.2,1.4,1.54,1.4,38.6,15.0,5.0,0.4,0.0,-11.0,0.07692307692307693,0.46153846153846156,0.46153846153846156,-7.0,0.07692307692307693,0.46153846153846156,0.46153846153846156
2024-12-03,2,Leicester City,10,West Ham United,18,0.8,2.6,1.02,1.72,49.6,9.4,2.8,0.0,0.2,1.2,1.8,1.22,2.1399999999999997,44.8,10.6,4.0,0.6,0.2,-11.0,0.15384615384615385,0.3076923076923077,0.5384615384615384,-7.0,0.3076923076923077,0.23076923076923078,0.46153846153846156
2024-12-04,2,Manchester City,12,Nottingham Forest,15,0.6,2.0,1.9,2.08,59.0,17.2,4.8,0.0,0.0,1.6,1.4,1.28,0.86,42.4,13.2,3.6,0.8,0.2,3.0,0.5384615384615384,0.15384615384615385,0.3076923076923077,3.0,0.46153846153846156,0.3076923076923077,0.23076923076923078
2024-12-04,0,Southampton,16,Chelsea,5,0.8,1.4,0.7599999999999999,2.12,52.8,7.8,2.0,0.2,0.2,1.8,0.8,1.7,1.52,56.0,15.8,5.4,0.6,0.0,-15.0,0.07692307692307693,0.15384615384615385,0.7692307692307693,12.0,0.5384615384615384,0.3076923076923077,0.15384615384615385
2024-12-04,2,Arsenal,0,Manchester United,13,2.2,1.2,1.64,0.9200000000000002,57.0,13.0,3.4,0.2,0.4,2.0,0.8,1.4,1.3399999999999999,55.0,12.6,4.0,0.6,0.2,12.0,0.5384615384615384,0.3076923076923077,0.15384615384615385,4.0,0.38461538461538464,0.3076923076923077,0.3076923076923077
2024-12-04,2,Everton,7,Wolverhampton Wanderers,19,0.2,1.2,1.06,0.9800000000000001,45.0,15.8,4.2,0.8,0.0,2.4,1.8,1.1800000000000002,1.72,47.2,10.6,5.0,0.2,0.0,-11.0,0.15384615384615385,0.38461538461538464,0.46153846153846156,-10.0,0.15384615384615385,0.23076923076923078,0.6153846153846154
2024-12-04,1,Newcastle United,14,Liverpool,11,1.2,1.2,1.1,1.1800000000000002,49.4,11.2,2.8,0.2,0.0,2.2,1.0,2.18,1.04,54.4,16.4,6.6,0.2,0.4,0.0,0.38461538461538464,0.3076923076923077,0.3076923076923077,18.0,0.8461538461538461,0.07692307692307693,0.07692307692307693
2024-12-04,2,Aston Villa,1,Brentford,3,0.8,2.4,1.8,1.52,49.8,13.6,3.6,0.0,0.2,2.4,1.6,1.92,1.5,49.8,11.6,4.8,0.4,0.2,-3.0,0.38461538461538464,0.3076923076923077,0.3076923076923077,3.0,0.46153846153846156,0.15384615384615385,0.38461538461538464
2024-12-05,2,Bournemouth,2,Tottenham Hotspur,17,2.0,1.8,1.9600000000000002,1.2600000000000002,44.6,13.0,4.4,0.2,0.6,2.0,1.0,1.58,1.56,55.2,12.2,4.8,0.6,0.0,1.0,0.38461538461538464,0.23076923076923078,0.38461538461538464,14.0,0.46153846153846156,0.15384615384615385,0.38461538461538464
2024-12-05,2,Fulham,8,Brighton and Hove Albion,4,1.4,1.4,1.36,1.0,60.0,16.2,6.2,0.0,0.0,1.6,1.4,1.44,1.52,48.0,14.0,4.8,0.8,0.0,0.0,0.38461538461538464,0.3076923076923077,0.3076923076923077,5.0,0.46153846153846156,0.38461538461538464,0.15384615384615385
2024-12-07,2,Aston Villa,1,Southampton,16,1.2,2.4,1.92,1.64,48.2,13.8,3.8,0.0,0.4,1.0,2.2,1.0399999999999998,2.58,53.2,8.0,2.4,0.2,0.2,-1.0,0.42857142857142855,0.2857142857142857,0.2857142857142857,-19.0,0.07142857142857142,0.14285714285714285,0.7857142857142857
2024-12-07,1,Crystal Palace,6,Manchester City,12,1.2,1.4,1.7,1.36,41.0,14.8,4.4,0.2,0.0,1.0,2.0,1.8,2.2399999999999998,60.8,16.2,4.6,0.2,0.0,-6.0,0.14285714285714285,0.42857142857142855,0.42857142857142855,6.0,0.5714285714285714,0.14285714285714285,0.2857142857142857
2024-12-07,0,Manchester United,13,Nottingham Forest,15,1.8,0.8,0.9800000000000001,1.2,53.2,10.0,3.4,0.4,0.2,1.0,1.8,1.1400000000000001,1.1800000000000002,42.2,11.6,3.2,0.6,0.2,2.0,0.35714285714285715,0.2857142857142857,0.35714285714285715,0.0,0.42857142857142855,0.2857142857142857,0.2857142857142857
2024-12-07,2,Brentford,3,Newcastle United,14,1.8,1.6,1.3,1.7200000000000002,47.0,9.6,3.4,0.2,0.0,1.6,1.4,1.1600000000000001,1.24,47.8,12.4,3.6,0.2,0.0,1.0,0.42857142857142855,0.14285714285714285,0.42857142857142855,0.0,0.35714285714285715,0.35714285714285715,0.2857142857142857
2024-12-08,0,Ipswich Town,9,Bournemouth,2,0.8,1.0,1.06,1.4,45.2,9.8,3.0,0.4,0.0,2.0,1.6,2.6,1.0799999999999998,43.0,15.2,5.4,0.2,0.6,-12.0,0.07142857142857142,0.42857142857142855,0.5,2.0,0.42857142857142855,0.21428571428571427,0.35714285714285715
2024-12-08,1,Fulham,8,Arsenal,0,1.8,1.4,1.34,1.1199999999999999,56.6,14.6,6.0,0.0,0.0,2.2,0.8,1.8800000000000001,0.8000000000000002,58.2,14.0,4.0,0.2,0.4,2.0,0.42857142857142855,0.2857142857142857,0.2857142857142857,14.0,0.5714285714285714,0.2857142857142857,0.14285714285714285
2024-12-08,0,Tottenham Hotspur,17,Chelsea,5,2.0,1.0,1.6200000000000003,2.1,55.0,12.4,5.0,0.6,0.0,2.4,0.8,2.4200000000000004,1.48,57.0,17.6,6.2,0.8,0.0,13.0,0.42857142857142855,0.14285714285714285,0.42857142857142855,16.0,0.5714285714285714,0.2857142857142857,0.14285714285714285
2024-12-08,1,Leicester City,10,Brighton and Hove Albion,4,1.2,2.2,1.2,1.98,44.4,8.8,3.8,0.0,0.2,1.4,1.6,1.46,1.48,49.2,12.8,4.2,0.8,0.0,-9.0,0.21428571428571427,0.2857142857142857,0.5,3.0,0.42857142857142855,0.35714285714285715,0.21428571428571427
2024-12-09,2,West Ham United,18,Wolverhampton Wanderers,19,1.0,2.2,1.26,2.0200000000000005,48.6,14.6,5.2,0.6,0.0,2.0,2.2,1.08,1.6599999999999997,48.6,9.0,4.0,0.2,0.0,-9.0,0.2857142857142857,0.21428571428571427,0.5,-14.0,0.14285714285714285,0.21428571428571427,0.6428571428571429
2024-12-14,2,Nottingham Forest,15,Aston Villa,1,1.0,2.2,0.86,1.48,37.2,10.0,2.6,0.4,0.2,1.2,1.6,2.02,1.22,47.8,15.0,4.4,0.0,0.4,1.0,0.4666666666666667,0.26666666666666666,0.26666666666666666,0.0,0.4666666666666667,0.26666666666666666,0.26666666666666666
2024-12-14,2,Newcastle United,14,Leicester City,10,1.8,2.2,1.36,1.2599999999999998,51.8,13.8,3.4,0.2,0.0,1.4,2.4,1.1600000000000001,2.08,44.2,6.8,3.4,0.2,0.2,-2.0,0.3333333333333333,0.3333333333333333,0.3333333333333333,-9.0,0.2,0.3333333333333333,0.4666666666666667
2024-12-14,1,Arsenal,0,Everton,7,2.4,0.8,2.0200000000000005,0.7400000000000001,58.8,14.4,4.8,0.2,0.4,0.8,1.0,1.1,0.9,45.8,16.4,4.0,1.0,0.0,14.0,0.5333333333333333,0.3333333333333333,0.13333333333333333,-7.0,0.21428571428571427,0.35714285714285715,0.42857142857142855
2024-12-14,0,Wolverhampton Wanderers,19,Ipswich Town,9,1.8,2.2,1.06,1.3800000000000001,46.4,10.6,3.8,0.2,0.0,0.8,1.2,1.12,1.7399999999999998,45.4,10.6,3.6,0.2,0.0,-15.0,0.13333333333333333,0.2,0.6666666666666666,-13.0,0.06666666666666667,0.4,0.5333333333333333
2024-12-14,1,Liverpool,11,Fulham,8,2.4,1.2,2.4,1.28,55.0,17.8,6.8,0.2,0.4,1.6,1.4,1.12,1.3599999999999999,49.8,9.8,4.0,0.0,0.0,18.0,0.7857142857142857,0.14285714285714285,0.07142857142857142,2.0,0.4,0.3333333333333333,0.26666666666666666
2024-12-15,0,Brighton and Hove Albion,4,Crystal Palace,6,1.6,1.6,1.56,1.4200000000000002,47.8,13.4,4.6,0.8,0.0,1.2,1.4,1.48,1.3400000000000003,38.8,13.4,3.8,0.2,0.0,3.0,0.4,0.4,0.2,-6.0,0.13333333333333333,0.4666666666666667,0.4
2024-12-15,0,Southampton,16,Tottenham Hotspur,17,0.8,2.4,0.96,2.72,50.8,7.0,2.0,0.2,0.2,1.8,1.6,1.7,2.3,52.6,11.8,4.8,0.6,0.0,-20.0,0.06666666666666667,0.13333333333333333,0.8,12.0,0.4,0.13333333333333333,0.4666666666666667
2024-12-15,2,Chelsea,5,Brentford,3,3.0,1.2,2.7600000000000002,1.64,58.4,18.2,6.8,0.8,0.4,2.4,1.6,1.42,1.7600000000000002,49.2,10.8,4.4,0.2,0.0,17.0,0.6,0.26666666666666666,0.13333333333333333,3.0,0.4666666666666667,0.13333333333333333,0.4
2024-12-15,0,Manchester City,12,Manchester United,13,1.2,2.0,1.7600000000000002,2.0999999999999996,61.6,15.0,4.6,0.2,0.0,2.0,1.2,0.9,1.1400000000000001,58.2,11.4,4.2,0.4,0.0,6.0,0.5333333333333333,0.2,0.26666666666666666,1.0,0.3333333333333333,0.26666666666666666,0.4
2024-12-16,1,Bournemouth,2,West Ham United,18,2.0,1.6,2.8400000000000003,1.02,47.0,17.2,5.4,0.2,0.6,1.4,1.8,1.44,1.8599999999999999,50.2,17.6,5.8,0.6,0.0,3.0,0.4666666666666667,0.2,0.3333333333333333,-8.0,0.3333333333333333,0.2,0.4666666666666667
2024-12-21,2,Aston Villa,1,Manchester City,12,1.4,1.6,1.86,1.16,50.2,14.2,4.4,0.0,0.4,1.2,2.0,1.52,2.06,60.0,14.0,4.0,0.2,0.0,-1.0,0.4375,0.25,0.3125,5.0,0.5,0.1875,0.3125
2024-12-21,1,West Ham United,18,Brighton and Hove Albion,4,1.6,2.0,1.7,2.02,50.0,18.4,5.0,0.6,0.2,1.4,2.0,1.3,1.4400000000000002,52.6,14.8,4.8,0.8,0.0,-8.0,0.3125,0.25,0.4375,1.0,0.375,0.375,0.25
2024-12-21,0,Ipswich Town,9,Newcastle United,14,0.8,1.2,1.02,1.7,47.8,11.0,3.6,0.2,0.0,2.0,2.0,1.8,1.18,52.4,15.8,4.4,0.4,0.0,-12.0,0.125,0.375,0.5,2.0,0.375,0.3125,0.3125
2024-12-21,0,Crystal Palace,6,Arsenal,0,1.8,1.2,1.6200000000000003,1.1800000000000002,38.8,13.4,4.0,0.2,0.0,2.2,0.6,1.9600000000000002,0.46000000000000013,63.8,14.4,5.2,0.2,0.4,-4.0,0.1875,0.4375,0.375,14.0,0.5,0.375,0.125
2024-12-21,0,Brentford,3,Nottingham Forest,15,2.0,1.6,1.44,1.6800000000000002,46.6,10.2,4.0,0.2,0.0,1.2,1.8,1.08,1.24,38.4,11.6,3.2,0.4,0.2,2.0,0.4375,0.125,0.4375,2.0,0.5,0.25,0.25
2024-12-22,0,Tottenham Hotspur,17,Liverpool,11,2.6,1.2,1.86,2.1399999999999997,51.0,12.0,5.6,0.6,0.0,2.4,1.4,2.5,1.3199999999999998,57.4,17.8,6.0,0.2,0.4,17.0,0.4375,0.125,0.4375,18.0,0.7333333333333333,0.2,0.06666666666666667
2024-12-22,1,Fulham,8,Southampton,16,1.6,1.8,1.0,1.48,44.8,8.8,3.2,0.2,0.0,0.8,3.0,1.0,2.92,45.0,7.0,2.6,0.0,0.2,2.0,0.375,0.375,0.25,-25.0,0.0625,0.125,0.8125
2024-12-22,1,Everton,7,Chelsea,5,0.8,0.8,0.8,1.0,43.6,13.6,3.0,0.6,0.0,3.2,1.2,2.9,1.6600000000000001,61.0,20.0,7.8,0.2,0.4,-7.0,0.2,0.4,0.4,18.0,0.625,0.25,0.125
2024-12-22,0,Leicester City,10,Wolverhampton Wanderers,19,1.4,2.6,1.0799999999999998,2.68,42.6,6.4,2.6,0.2,0.2,1.6,2.6,1.06,1.48,51.4,12.2,4.2,0.2,0.0,-13.0,0.1875,0.3125,0.5,-16.0,0.125,0.1875,0.6875
2024-12-22,0,Manchester United,13,Bournemouth,2,1.8,1.4,1.1600000000000001,1.2,57.6,10.6,4.0,0.4,0.2,1.8,1.2,2.7,1.1400000000000001,47.6,20.0,6.6,0.2,0.6,2.0,0.375,0.25,0.375,3.0,0.4375,0.25,0.3125
2024-12-26,0,Chelsea,5,Fulham,8,2.8,1.0,2.6,1.64,63.4,19.2,7.4,0.6,0.4,1.4,1.0,0.9800000000000001,1.2799999999999998,44.4,9.8,3.6,0.2,0.0,18.0,0.5882352941176471,0.29411764705882354,0.11764705882352941,2.0,0.35294117647058826,0.4117647058823529,0.23529411764705882
2024-12-26,2,Liverpool,11,Leicester City,10,3.2,2.0,3.22,1.3400000000000003,54.6,19.8,7.2,0.2,0.4,1.2,2.8,1.02,2.3600000000000003,46.0,7.6,3.4,0.2,0.0,21.0,0.75,0.1875,0.0625,-16.0,0.17647058823529413,0.29411764705882354,0.5294117647058824
2024-12-26,1,Manchester City,12,Everton,7,1.4,1.6,1.3,1.8800000000000001,59.6,11.8,4.2,0.2,0.0,0.8,0.8,0.7799999999999999,1.08,38.4,11.0,3.0,0.8,0.0,4.0,0.47058823529411764,0.17647058823529413,0.35294117647058826,-7.0,0.1875,0.4375,0.375
2024-12-26,2,Newcastle United,14,Aston Villa,1,2.8,1.6,1.94,1.1400000000000001,53.4,15.2,5.4,0.4,0.0,1.4,1.4,1.5799999999999998,1.1,45.2,13.2,4.8,0.0,0.2,6.0,0.4117647058823529,0.29411764705882354,0.29411764705882354,0.0,0.47058823529411764,0.23529411764705882,0.29411764705882354
2024-12-26,2,Nottingham Forest,15,Tottenham Hotspur,17,1.6,1.2,1.2,1.14,38.8,12.2,4.4,0.2,0.2,2.4,2.4,1.6200000000000003,2.84,53.0,12.0,5.2,0.6,0.0,4.0,0.5294117647058824,0.23529411764705882,0.23529411764705882,14.0,0.4117647058823529,0.11764705882352941,0.47058823529411764
2024-12-26,1,Bournemouth,2,Crystal Palace,6,2.2,0.8,2.7,1.4,44.6,18.0,6.4,0.2,0.8,1.6,1.8,1.6800000000000002,1.08,41.0,13.8,4.0,0.0,0.0,6.0,0.47058823529411764,0.23529411764705882,0.29411764705882354,-8.0,0.17647058823529413,0.4117647058823529,0.4117647058823529
2024-12-26,0,Southampton,16,West Ham United,18,0.4,2.4,0.7999999999999999,2.48,46.0,6.8,2.0,0.2,0.0,1.4,2.2,1.7600000000000002,1.8800000000000001,50.0,17.6,4.6,0.4,0.2,-25.0,0.058823529411764705,0.17647058823529413,0.7647058823529411,-8.0,0.29411764705882354,0.29411764705882354,0.4117647058823529
2024-12-26,2,Wolverhampton Wanderers,19,Manchester United,13,1.4,2.4,1.02,1.44,52.4,11.8,4.0,0.4,0.0,1.6,1.8,1.44,1.2000000000000002,57.6,13.0,4.6,0.4,0.2,-13.0,0.17647058823529413,0.17647058823529413,0.6470588235294118,-1.0,0.35294117647058826,0.23529411764705882,0.4117647058823529
2024-12-27,1,Brighton and Hove Albion,4,Brentford,3,1.2,2.0,1.3,1.3600000000000003,54.2,16.0,5.2,0.8,0.0,2.0,2.0,1.3599999999999999,1.6199999999999999,51.2,9.8,4.2,0.2,0.0,1.0,0.35294117647058826,0.4117647058823529,0.23529411764705882,0.0,0.4117647058823529,0.11764705882352941,0.47058823529411764
2024-12-27,2,Arsenal,0,Ipswich Town,9,2.6,0.8,2.2199999999999998,0.7200000000000001,62.2,13.4,5.2,0.2,0.4,0.6,1.8,0.8400000000000001,2.0,48.2,10.8,2.8,0.0,0.0,18.0,0.5294117647058824,0.35294117647058826,0.11764705882352941,-16.0,0.11764705882352941,0.35294117647058826,0.5294117647058824
2024-12-29,0,Everton,7,Nottingham Forest,15,1.0,1.0,0.6799999999999999,1.28,33.4,7.2,2.6,0.8,0.0,1.6,1.2,1.1,1.2,35.8,12.0,4.2,0.0,0.0,-7.0,0.17647058823529413,0.47058823529411764,0.35294117647058826,5.0,0.5555555555555556,0.2222222222222222,0.2222222222222222
2024-12-29,2,Crystal Palace,6,Southampton,16,1.4,1.6,1.4200000000000002,1.3599999999999999,40.8,12.6,4.2,0.0,0.0,0.2,2.4,0.8799999999999999,2.48,47.4,8.4,2.6,0.2,0.0,-8.0,0.16666666666666666,0.4444444444444444,0.3888888888888889,-26.0,0.05555555555555555,0.16666666666666666,0.7777777777777778
2024-12-29,0,West Ham United,18,Liverpool,11,1.2,1.2,1.8,1.4600000000000002,51.2,18.4,4.0,0.2,0.2,3.2,1.8,3.0,1.1400000000000001,55.8,18.4,6.6,0.0,0.2,-7.0,0.3333333333333333,0.2777777777777778,0.3888888888888889,23.0,0.7647058823529411,0.17647058823529413,0.058823529411764705
2024-12-29,1,Tottenham Hotspur,17,Wolverhampton Wanderers,19,2.2,2.4,1.6400000000000001,2.76,56.8,13.0,5.4,0.4,0.0,1.4,1.6,1.1,0.86,50.6,11.2,4.2,0.4,0.0,13.0,0.3888888888888889,0.1111111111111111,0.5,-11.0,0.2222222222222222,0.16666666666666666,0.6111111111111112
2024-12-29,0,Leicester City,10,Manchester City,12,1.2,2.6,0.86,2.28,44.4,7.0,3.0,0.2,0.0,1.6,1.4,1.5599999999999998,1.3399999999999999,61.6,14.8,4.6,0.4,0.2,-18.0,0.16666666666666666,0.2777777777777778,0.5555555555555556,4.0,0.4444444444444444,0.2222222222222222,0.3333333333333333
2024-12-29,1,Fulham,8,Bournemouth,2,1.6,1.0,1.04,1.34,45.2,9.8,3.8,0.4,0.0,1.4,0.4,2.32,1.3800000000000001,47.0,19.8,6.0,0.4,0.2,3.0,0.3888888888888889,0.3888888888888889,0.2222222222222222,6.0,0.4444444444444444,0.2777777777777778,0.2777777777777778
2024-12-30,1,Aston Villa,1,Brighton and Hove Albion,4,1.4,1.4,1.4,1.32,45.6,12.0,4.4,0.2,0.2,1.0,1.8,1.2200000000000002,1.3800000000000001,55.0,16.4,5.6,1.0,0.0,-3.0,0.4444444444444444,0.2222222222222222,0.3333333333333333,1.0,0.3333333333333333,0.4444444444444444,0.2222222222222222
2024-12-30,2,Ipswich Town,9,Chelsea,5,0.6,1.8,0.76,2.04,43.6,10.0,2.4,0.0,0.0,2.4,1.4,2.5000000000000004,1.7600000000000002,60.0,18.2,7.4,0.8,0.4,-17.0,0.1111111111111111,0.3333333333333333,0.5555555555555556,17.0,0.5555555555555556,0.2777777777777778,0.16666666666666666
2024-12-30,0,Manchester United,13,Newcastle United,14,0.8,2.2,1.3000000000000003,1.2600000000000002,55.4,13.0,4.4,0.4,0.2,3.2,1.4,2.48,0.86,55.6,19.4,6.8,0.6,0.0,-3.0,0.3333333333333333,0.2222222222222222,0.4444444444444444,9.0,0.4444444444444444,0.2777777777777778,0.2777777777777778
2025-01-01,0,Brentford,3,Arsenal,0,1.2,1.8,1.1,1.6600000000000001,47.8,8.8,3.6,0.0,0.0,1.8,0.4,1.8800000000000001,0.46000000000000013,63.8,13.2,5.2,0.2,0.0,0.0,0.3888888888888889,0.16666666666666666,0.4444444444444444,19.0,0.5555555555555556,0.3333333333333333,0.1111111111111111
2025-01-04,0,Southampton,16,Brentford,3,0.2,1.8,0.74,1.8399999999999999,49.0,8.6,2.4,0.2,0.0,1.2,1.8,0.9799999999999999,1.56,47.6,8.0,3.8,0.0,0.0,-27.0,0.05263157894736842,0.15789473684210525,0.7894736842105263,-2.0,0.3684210526315789,0.15789473684210525,0.47368421052631576
2025-01-04,2,Bournemouth,2,Everton,7,1.6,0.8,2.0200000000000005,1.4200000000000002,49.6,18.8,6.0,0.4,0.2,1.0,0.6,0.74,1.3599999999999999,38.2,8.2,2.6,0.6,0.0,6.0,0.42105263157894735,0.3157894736842105,0.2631578947368421,-9.0,0.16666666666666666,0.4444444444444444,0.3888888888888889
2025-01-04,1,Crystal Palace,6,Chelsea,5,1.6,1.8,1.5,1.44,41.0,13.8,5.4,0.4,0.0,1.4,1.6,1.86,1.7600000000000002,64.2,17.0,6.0,0.6,0.4,-7.0,0.21052631578947367,0.42105263157894735,0.3684210526315789,15.0,0.5263157894736842,0.2631578947368421,0.21052631578947367
2025-01-04,0,Tottenham Hotspur,17,Newcastle United,14,2.6,2.6,1.9,2.2,53.4,13.0,5.0,0.4,0.2,3.0,0.8,2.4400000000000004,0.6399999999999999,56.8,18.4,6.4,0.4,0.0,13.0,0.3684210526315789,0.15789473684210525,0.47368421052631576,11.0,0.47368421052631576,0.2631578947368421,0.2631578947368421
2025-01-04,2,Aston Villa,1,Leicester City,10,1.2,1.6,1.28,1.36,47.6,12.0,3.2,0.2,0.2,0.6,2.8,0.78,1.94,47.2,7.6,2.4,0.2,0.0,-3.0,0.42105263157894735,0.2631578947368421,0.3157894736842105,-20.0,0.15789473684210525,0.2631578947368421,0.5789473684210527
2025-01-04,1,Brighton and Hove Albion,4,Arsenal,0,1.2,1.6,1.1600000000000001,1.5200000000000002,51.8,16.4,5.8,0.8,0.0,2.0,0.6,1.8400000000000003,0.4800000000000001,63.6,13.2,4.8,0.2,0.0,1.0,0.3157894736842105,0.47368421052631576,0.21052631578947367,21.0,0.5789473684210527,0.3157894736842105,0.10526315789473684
2025-01-04,2,Manchester City,12,West Ham United,18,1.4,1.4,1.34,1.4,57.8,14.2,4.4,0.4,0.2,1.0,1.6,1.28,1.7399999999999998,48.2,13.6,2.4,0.2,0.2,6.0,0.47368421052631576,0.21052631578947367,0.3157894736842105,-12.0,0.3157894736842105,0.2631578947368421,0.42105263157894735
2025-01-05,1,Liverpool,11,Manchester United,13,3.8,1.8,2.94,1.06,57.8,19.4,8.0,0.0,0.0,0.8,2.2,1.4200000000000002,1.2200000000000002,56.0,14.0,4.0,0.4,0.2,28.0,0.7777777777777778,0.16666666666666666,0.05555555555555555,-5.0,0.3157894736842105,0.21052631578947367,0.47368421052631576
2025-01-05,1,Fulham,8,Ipswich Town,9,1.4,1.2,1.0399999999999998,1.4600000000000002,47.0,10.8,4.6,0.4,0.0,1.0,1.6,0.9800000000000001,2.12,37.6,9.8,3.0,0.0,0.2,3.0,0.3684210526315789,0.42105263157894735,0.21052631578947367,-15.0,0.15789473684210525,0.3157894736842105,0.5263157894736842
2025-01-06,0,Wolverhampton Wanderers,19,Nottingham Forest,15,1.8,1.2,1.0799999999999998,1.1,49.8,12.2,4.4,0.6,0.0,2.0,0.6,1.2,0.9,36.2,11.8,5.0,0.0,0.0,-11.0,0.21052631578947367,0.21052631578947367,0.5789473684210527,7.0,0.5789473684210527,0.21052631578947367,0.21052631578947367
2025-01-14,2,West Ham United,18,Fulham,8,0.8,2.2,1.3599999999999999,1.8399999999999999,46.2,13.2,2.4,0.4,0.2,1.6,1.4,1.4400000000000002,1.4,54.8,13.0,4.6,0.4,0.4,-15.0,0.3,0.25,0.45,3.0,0.35,0.45,0.2
2025-01-14,1,Chelsea,5,Bournemouth,2,0.8,1.2,1.54,1.42,64.2,17.0,5.0,0.6,0.0,1.4,0.6,1.7399999999999998,1.3000000000000003,50.0,18.2,6.4,0.4,0.2,15.0,0.5,0.3,0.2,7.0,0.45,0.3,0.25
2025-01-14,1,Brentford,3,Manchester City,12,1.4,1.4,1.6199999999999999,1.32,49.0,9.6,4.2,0.0,0.2,1.8,1.2,1.44,1.42,55.4,13.8,5.0,0.4,0.2,3.0,0.4,0.15,0.45,9.0,0.5,0.2,0.3
2025-01-14,1,Nottingham Forest,15,Liverpool,11,2.0,0.2,1.46,0.8799999999999999,38.4,11.8,5.0,0.2,0.0,3.6,1.6,3.1000000000000005,0.8400000000000001,56.8,19.8,8.0,0.2,0.2,10.0,0.6,0.2,0.2,28.0,0.7368421052631579,0.21052631578947367,0.05263157894736842
2025-01-15,0,Leicester City,10,Crystal Palace,6,0.4,2.8,0.6,1.92,44.0,6.4,2.2,0.0,0.0,1.4,1.6,1.4600000000000002,1.4,42.4,14.0,6.0,0.6,0.0,-21.0,0.15,0.25,0.6,-7.0,0.2,0.45,0.35
2025-01-15,0,Everton,7,Aston Villa,1,0.2,0.8,0.6799999999999999,1.56,37.8,7.4,1.8,0.4,0.0,1.4,1.8,1.1,1.3800000000000001,50.2,11.0,3.4,0.2,0.2,-10.0,0.15789473684210525,0.42105263157894735,0.42105263157894735,-2.0,0.45,0.25,0.3
2025-01-15,2,Newcastle United,14,Wolverhampton Wanderers,19,3.0,0.2,2.6399999999999997,0.58,54.2,18.0,6.6,0.4,0.0,1.6,1.4,1.1,1.32,52.6,11.0,4.4,0.6,0.0,12.0,0.5,0.25,0.25,-14.0,0.2,0.2,0.6
2025-01-15,2,Arsenal,0,Tottenham Hotspur,17,2.0,0.6,1.6599999999999997,0.74,61.4,12.6,4.6,0.2,0.0,2.2,2.2,1.5200000000000002,2.1399999999999997,56.8,13.0,4.8,0.2,0.2,21.0,0.55,0.35,0.1,12.0,0.35,0.15,0.5
2025-01-16,0,Ipswich Town,9,Brighton and Hove Albion,4,1.2,1.6,1.02,1.92,34.2,7.4,2.4,0.0,0.4,1.0,1.4,1.1600000000000001,1.4400000000000002,52.0,15.2,5.0,0.6,0.2,-15.0,0.15,0.35,0.5,1.0,0.3,0.5,0.2
2025-01-16,2,Manchester United,13,Southampton,16,0.8,2.0,1.3000000000000003,1.6,51.2,13.2,3.4,0.2,0.2,0.2,2.6,0.74,2.2600000000000002,48.4,9.4,2.6,0.2,0.0,-5.0,0.3,0.25,0.45,-32.0,0.05,0.15,0.8
2025-01-18,0,Newcastle United,14,Bournemouth,2,2.8,0.2,2.3,0.86,54.4,16.0,5.4,0.2,0.0,1.6,0.8,1.6,1.3800000000000001,48.2,13.6,5.0,0.2,0.4,15.0,0.5238095238095238,0.23809523809523808,0.23809523809523808,7.0,0.42857142857142855,0.3333333333333333,0.23809523809523808
2025-01-18,0,Leicester City,10,Fulham,8,0.4,2.4,0.9,1.52,47.2,9.8,2.8,0.4,0.0,1.6,1.6,1.54,1.1800000000000002,58.2,14.8,4.8,0.4,0.4,-23.0,0.14285714285714285,0.23809523809523808,0.6190476190476191,2.0,0.3333333333333333,0.42857142857142855,0.23809523809523808
2025-01-18,0,West Ham United,18,Crystal Palace,6,1.2,2.4,1.14,1.8,45.4,11.0,2.6,0.4,0.0,1.2,1.4,1.3800000000000001,1.54,43.8,13.2,5.8,0.6,0.0,-14.0,0.3333333333333333,0.23809523809523808,0.42857142857142855,-5.0,0.23809523809523808,0.42857142857142855,0.3333333333333333
2025-01-18,0,Brentford,3,Liverpool,11,1.6,1.4,1.8,1.3199999999999998,50.4,11.4,4.4,0.0,0.2,3.4,1.4,3.08,0.6599999999999999,58.6,21.2,8.4,0.2,0.2,3.0,0.38095238095238093,0.19047619047619047,0.42857142857142855,28.0,0.7,0.25,0.05
2025-01-18,1,Arsenal,0,Aston Villa,1,2.4,0.8,1.7,0.8800000000000001,56.8,12.8,4.4,0.2,0.0,1.4,1.4,1.26,1.2600000000000002,50.2,11.6,3.6,0.4,0.2,22.0,0.5714285714285714,0.3333333333333333,0.09523809523809523,-1.0,0.47619047619047616,0.23809523809523808,0.2857142857142857
2025-01-19,2,Everton,7,Tottenham Hotspur,17,0.2,1.0,0.8800000000000001,1.56,43.0,9.0,2.2,0.4,0.0,1.4,2.6,1.2200000000000002,2.26,54.6,11.4,3.4,0.2,0.2,-11.0,0.15,0.4,0.45,11.0,0.3333333333333333,0.14285714285714285,0.5238095238095238
2025-01-19,0,Manchester United,13,Brighton and Hove Albion,4,1.0,2.0,1.56,1.7,53.6,16.0,4.8,0.2,0.0,1.2,0.8,1.1600000000000001,1.06,49.8,14.0,5.0,0.4,0.2,-3.0,0.3333333333333333,0.23809523809523808,0.42857142857142855,3.0,0.3333333333333333,0.47619047619047616,0.19047619047619047
2025-01-19,2,Nottingham Forest,15,Southampton,16,1.8,0.2,1.18,1.2,34.4,9.6,4.4,0.4,0.0,0.4,2.2,0.8599999999999998,2.4799999999999995,48.0,10.2,3.0,0.4,0.0,10.0,0.5714285714285714,0.23809523809523808,0.19047619047619047,-34.0,0.047619047619047616,0.14285714285714285,0.8095238095238095
2025-01-19,0,Ipswich Town,9,Manchester City,12,0.8,1.8,0.86,1.8599999999999999,34.4,6.4,2.4,0.0,0.4,2.0,1.2,1.7,1.5,56.0,16.0,6.0,0.4,0.2,-17.0,0.14285714285714285,0.3333333333333333,0.5238095238095238,9.0,0.47619047619047616,0.23809523809523808,0.2857142857142857
2025-01-20,2,Chelsea,5,Wolverhampton Wanderers,19,0.8,1.4,1.6,1.34,63.2,17.0,5.4,1.0,0.0,1.4,1.6,1.16,1.52,49.8,10.4,4.6,0.6,0.0,15.0,0.47619047619047616,0.3333333333333333,0.19047619047619047,-17.0,0.19047619047619047,0.19047619047619047,0.6190476190476191
2025-01-25,0,Southampton,16,Newcastle United,14,0.8,2.8,0.9799999999999999,2.66,50.4,11.2,3.4,0.2,0.0,2.2,1.0,2.0,1.1199999999999999,54.0,15.6,4.8,0.4,0.0,-35.0,0.045454545454545456,0.13636363636363635,0.8181818181818182,12.0,0.5,0.22727272727272727,0.2727272727272727
2025-01-25,0,Brighton and Hove Albion,4,Everton,7,1.6,0.8,1.3599999999999999,1.12,49.0,12.8,4.4,0.4,0.2,0.8,1.4,1.04,1.5399999999999998,45.2,10.4,2.6,0.2,0.0,5.0,0.36363636363636365,0.45454545454545453,0.18181818181818182,-10.0,0.19047619047619047,0.38095238095238093,0.42857142857142855
2025-01-25,2,Manchester City,12,Chelsea,5,3.0,0.8,2.1,1.28,58.2,17.0,6.6,0.4,0.2,1.4,1.6,1.98,1.3,60.8,18.4,5.8,0.6,0.0,15.0,0.5,0.22727272727272727,0.2727272727272727,17.0,0.5,0.3181818181818182,0.18181818181818182
2025-01-25,2,Liverpool,11,Ipswich Town,9,2.6,0.8,2.6399999999999997,0.54,61.0,23.8,7.8,0.2,0.2,0.8,2.2,0.82,2.0,32.6,6.0,2.8,0.0,0.4,30.0,0.7142857142857143,0.23809523809523808,0.047619047619047616,-23.0,0.13636363636363635,0.3181818181818182,0.5454545454545454
2025-01-25,0,Wolverhampton Wanderers,19,Arsenal,0,1.0,2.2,1.1,1.98,48.0,10.6,4.6,0.4,0.0,1.8,1.0,1.4600000000000002,0.7600000000000001,58.4,13.6,4.4,0.2,0.0,-19.0,0.18181818181818182,0.18181818181818182,0.6363636363636364,22.0,0.5454545454545454,0.36363636363636365,0.09090909090909091
2025-01-25,2,Bournemouth,2,Nottingham Forest,15,1.8,1.0,1.6800000000000002,1.1,49.0,15.6,6.2,0.2,0.2,2.0,0.6,1.36,1.2399999999999998,36.2,10.4,4.0,0.6,0.0,10.0,0.45454545454545453,0.3181818181818182,0.22727272727272727,11.0,0.5909090909090909,0.22727272727272727,0.18181818181818182
2025-01-26,0,Tottenham Hotspur,17,Leicester City,10,1.2,2.0,1.1800000000000004,1.5,57.0,11.8,3.4,0.2,0.2,0.4,2.2,0.86,1.7,44.4,9.6,2.8,0.4,0.0,10.0,0.3181818181818182,0.13636363636363635,0.5454545454545454,-25.0,0.13636363636363635,0.22727272727272727,0.6363636363636364
2025-01-26,0,Fulham,8,Manchester United,13,2.0,1.6,1.7600000000000002,1.24,58.8,15.2,4.2,0.6,0.4,1.2,2.0,1.42,1.7600000000000002,51.8,13.2,3.4,0.0,0.2,4.0,0.36363636363636365,0.4090909090909091,0.22727272727272727,-5.0,0.3181818181818182,0.22727272727272727,0.45454545454545453
2025-01-26,1,Aston Villa,1,West Ham United,18,1.4,1.6,1.1400000000000001,1.32,48.2,11.0,3.2,0.4,0.2,1.0,2.6,0.96,1.8800000000000001,46.6,10.2,1.8,0.4,0.0,-1.0,0.45454545454545453,0.2727272727272727,0.2727272727272727,-16.0,0.3181818181818182,0.22727272727272727,0.45454545454545453
2025-01-26,0,Crystal Palace,6,Brentford,3,1.4,0.4,1.32,1.0999999999999999,44.8,12.4,5.8,0.6,0.2,1.6,1.4,1.7999999999999996,1.8199999999999998,45.6,12.2,5.0,0.0,0.2,-3.0,0.2727272727272727,0.4090909090909091,0.3181818181818182,1.0,0.36363636363636365,0.18181818181818182,0.45454545454545453
2025-02-01,0,Bournemouth,2,Liverpool,11,2.8,1.0,1.7399999999999998,1.22,48.6,15.2,7.6,0.2,0.2,2.8,0.8,2.6399999999999997,0.5800000000000001,61.4,23.2,7.6,0.2,0.2,15.0,0.4782608695652174,0.30434782608695654,0.21739130434782608,33.0,0.7272727272727273,0.22727272727272727,0.045454545454545456
2025-02-01,0,Ipswich Town,9,Southampton,16,1.0,2.8,0.8800000000000001,2.04,32.2,6.0,3.4,0.0,0.4,1.0,3.2,0.8599999999999998,2.9,50.2,10.0,3.4,0.2,0.0,-26.0,0.13043478260869565,0.30434782608695654,0.5652173913043478,-37.0,0.043478260869565216,0.13043478260869565,0.8260869565217391
2025-02-01,2,Everton,7,Leicester City,10,0.8,1.2,1.06,1.26,44.6,9.2,2.0,0.2,0.2,0.6,1.8,1.12,1.5,45.8,11.2,3.2,0.4,0.0,-9.0,0.22727272727272727,0.36363636363636365,0.4090909090909091,-24.0,0.17391304347826086,0.21739130434782608,0.6086956521739131
2025-02-01,2,Wolverhampton Wanderers,19,Aston Villa,1,0.6,2.4,1.06,2.1,48.0,11.0,4.6,0.2,0.0,1.6,1.2,1.26,1.04,49.8,13.0,3.8,0.4,0.2,-20.0,0.17391304347826086,0.17391304347826086,0.6521739130434783,-1.0,0.43478260869565216,0.30434782608695654,0.2608695652173913
2025-02-01,0,Newcastle United,14,Fulham,8,2.2,1.2,2.04,1.2200000000000002,51.0,14.4,4.8,0.2,0.2,1.6,1.6,1.54,1.0799999999999998,58.4,14.2,3.2,0.4,0.4,14.0,0.5217391304347826,0.21739130434782608,0.2608695652173913,3.0,0.34782608695652173,0.391304347826087,0.2608695652173913
2025-02-01,2,Nottingham Forest,15,Brighton and Hove Albion,4,1.8,1.6,1.3400000000000003,1.4,40.2,12.0,4.2,1.0,0.0,1.6,1.0,1.24,1.06,51.4,11.2,3.2,0.2,0.2,6.0,0.5652173913043478,0.21739130434782608,0.21739130434782608,4.0,0.34782608695652173,0.43478260869565216,0.21739130434782608
2025-02-02,0,Brentford,3,Tottenham Hotspur,17,2.0,1.6,1.8399999999999999,1.78,47.6,12.8,5.4,0.2,0.4,1.4,2.2,1.2000000000000004,1.6,55.2,12.2,3.8,0.2,0.2,2.0,0.391304347826087,0.17391304347826086,0.43478260869565216,9.0,0.30434782608695654,0.13043478260869565,0.5652173913043478
2025-02-02,0,Manchester United,13,Crystal Palace,6,1.4,1.6,1.4,1.72,51.8,11.8,2.8,0.2,0.2,1.6,0.8,1.4600000000000002,1.08,44.6,13.6,6.0,1.0,0.2,-4.0,0.34782608695652173,0.21739130434782608,0.43478260869565216,-4.0,0.2608695652173913,0.391304347826087,0.34782608695652173
2025-02-02,2,Arsenal,0,Manchester City,12,1.8,1.0,1.3,0.8600000000000001,54.6,12.8,4.0,0.2,0.0,3.4,0.8,2.12,1.5,56.2,15.4,7.0,0.4,0.0,23.0,0.5652173913043478,0.34782608695652173,0.08695652173913043,17.0,0.5217391304347826,0.21739130434782608,0.2608695652173913
2025-02-03,2,Chelsea,5,West Ham United,18,1.4,1.8,2.12,1.3800000000000001,60.2,18.0,5.0,0.4,0.0,1.0,2.8,0.8800000000000001,1.78,48.2,9.8,2.0,0.2,0.0,15.0,0.4782608695652174,0.30434782608695654,0.21739130434782608,-16.0,0.30434782608695654,0.2608695652173913,0.43478260869565216
2025-02-12,1,Everton,7,Liverpool,11,1.6,0.8,1.3800000000000001,1.02,41.4,9.2,3.0,0.0,0.2,2.2,0.8,2.5200000000000005,0.82,60.8,22.4,6.2,0.2,0.4,-5.0,0.2608695652173913,0.34782608695652173,0.391304347826087,35.0,0.7391304347826086,0.21739130434782608,0.043478260869565216
2025-02-14,2,Brighton and Hove Albion,4,Chelsea,5,1.2,2.0,1.1999999999999997,1.36,55.6,10.6,3.4,0.4,0.2,1.8,1.6,2.04,1.3,58.6,18.4,4.8,0.6,0.0,-3.0,0.3333333333333333,0.4166666666666667,0.25,16.0,0.5,0.2916666666666667,0.20833333333333334
2025-02-15,0,Leicester City,10,Arsenal,0,0.6,2.2,0.9200000000000002,1.7399999999999998,45.6,10.8,2.8,0.6,0.0,2.2,1.0,1.12,0.9600000000000002,53.8,12.4,4.6,0.2,0.0,-28.0,0.16666666666666666,0.20833333333333334,0.625,27.0,0.5833333333333334,0.3333333333333333,0.08333333333333333
2025-02-15,0,West Ham United,18,Brentford,3,1.2,2.2,1.0399999999999998,1.48,45.4,11.2,3.0,0.4,0.0,1.8,1.4,2.2,1.56,48.4,15.8,5.6,0.4,0.4,-17.0,0.2916666666666667,0.25,0.4583333333333333,0.0,0.375,0.16666666666666666,0.4583333333333333
2025-02-15,1,Aston Villa,1,Ipswich Town,9,1.2,1.2,0.9800000000000001,1.14,51.6,11.2,3.8,0.4,0.0,0.8,3.2,0.9199999999999999,1.8199999999999998,38.8,7.4,3.6,0.4,0.2,-3.0,0.4166666666666667,0.2916666666666667,0.2916666666666667,-27.0,0.125,0.2916666666666667,0.5833333333333334
2025-02-15,2,Manchester City,12,Newcastle United,14,3.2,1.8,2.02,1.44,57.6,14.0,6.8,0.2,0.0,2.0,1.6,1.8199999999999998,1.3800000000000001,51.2,14.2,4.8,0.2,0.2,13.0,0.5,0.20833333333333334,0.2916666666666667,13.0,0.5,0.20833333333333334,0.2916666666666667
2025-02-15,2,Fulham,8,Nottingham Forest,15,1.6,1.4,1.64,0.8399999999999999,58.2,15.0,2.8,0.4,0.4,2.8,1.6,1.7,1.4,40.6,12.4,4.4,1.0,0.2,4.0,0.375,0.375,0.25,13.0,0.5833333333333334,0.20833333333333334,0.20833333333333334
2025-02-15,0,Southampton,16,Bournemouth,2,1.2,3.0,0.8599999999999998,2.86,48.2,10.4,3.6,0.2,0.0,2.4,1.0,1.6599999999999997,1.5,48.8,14.8,6.6,0.2,0.2,-36.0,0.08333333333333333,0.125,0.7916666666666666,13.0,0.4583333333333333,0.2916666666666667,0.25
2025-02-15,0,Crystal Palace,6,Everton,7,1.6,0.6,1.58,1.1199999999999999,42.0,12.0,4.8,0.6,0.2,2.0,1.0,1.44,0.78,40.4,9.4,3.6,0.0,0.2,-2.0,0.2916666666666667,0.375,0.3333333333333333,-5.0,0.25,0.375,0.375
2025-02-16,2,Tottenham Hotspur,17,Manchester United,13,1.4,1.8,0.9200000000000003,1.8800000000000001,54.8,12.4,3.8,0.2,0.0,1.4,1.6,1.46,1.86,54.6,13.2,3.2,0.2,0.2,11.0,0.3333333333333333,0.125,0.5416666666666666,-6.0,0.3333333333333333,0.20833333333333334,0.4583333333333333
2025-02-16,2,Liverpool,11,Wolverhampton Wanderers,19,2.2,0.8,2.1,0.82,62.8,20.0,6.0,0.0,0.2,0.6,2.0,1.2400000000000002,1.7400000000000002,44.0,10.4,5.0,0.2,0.0,35.0,0.7083333333333334,0.25,0.041666666666666664,-18.0,0.20833333333333334,0.16666666666666666,0.625
2025-02-19,1,Aston Villa,1,Liverpool,11,1.0,1.2,1.1800000000000002,1.1400000000000001,54.6,13.6,4.0,0.8,0.0,2.4,0.8,2.04,1.06,58.8,17.2,5.2,0.0,0.4,-3.0,0.4,0.32,0.28,36.0,0.72,0.24,0.04
2025-02-21,0,Leicester City,10,Brentford,3,0.4,2.2,0.8800000000000001,1.7399999999999998,45.6,11.2,2.8,0.6,0.0,1.0,1.4,1.64,1.6600000000000001,46.8,14.8,4.8,0.6,0.2,-30.0,0.16,0.2,0.64,1.0,0.4,0.16,0.44
2025-02-22,0,Southampton,16,Brighton and Hove Albion,4,1.4,2.6,0.96,2.2199999999999998,47.0,11.0,4.2,0.2,0.0,1.6,1.8,1.1800000000000002,1.28,52.8,11.2,3.8,0.2,0.0,-38.0,0.08,0.12,0.8,0.0,0.36,0.4,0.24
2025-02-22,0,Bournemouth,2,Wolverhampton Wanderers,19,2.8,1.2,1.5399999999999998,1.52,48.4,13.8,6.4,0.2,0.2,0.8,1.8,1.2400000000000002,1.6600000000000001,42.0,11.0,4.8,0.6,0.0,15.0,0.48,0.28,0.24,-19.0,0.2,0.16,0.64
2025-02-22,0,Ipswich Town,9,Tottenham Hotspur,17,0.6,3.0,0.7,1.86,38.4,7.0,3.8,0.6,0.0,1.4,1.4,1.1800000000000004,1.6800000000000002,54.6,14.2,4.4,0.2,0.0,-27.0,0.12,0.32,0.56,12.0,0.36,0.12,0.52
2025-02-22,0,Arsenal,0,West Ham United,18,2.4,0.8,1.22,0.7000000000000002,54.8,12.8,5.0,0.2,0.0,1.0,1.6,0.9199999999999999,1.42,48.2,10.4,2.8,0.6,0.0,29.0,0.6,0.32,0.08,-18.0,0.28,0.24,0.48
2025-02-22,0,Fulham,8,Crystal Palace,6,1.6,1.2,1.6200000000000003,0.6199999999999999,54.6,17.2,4.4,0.4,0.0,1.6,0.8,1.6800000000000002,1.06,45.8,12.8,4.8,0.4,0.2,5.0,0.4,0.36,0.24,-3.0,0.28,0.36,0.36
2025-02-22,1,Everton,7,Manchester United,13,2.4,1.0,1.4,0.86,38.8,9.6,4.4,0.0,0.2,1.0,1.4,1.56,1.7600000000000002,54.2,13.8,3.6,0.2,0.2,-4.0,0.28,0.36,0.36,-7.0,0.32,0.2,0.48
2025-02-22,2,Aston Villa,1,Chelsea,5,1.2,1.6,1.06,1.42,55.0,13.2,4.0,0.6,0.0,1.6,2.0,1.9000000000000004,1.3599999999999999,60.2,17.0,4.6,0.6,0.0,-3.0,0.38461538461538464,0.34615384615384615,0.2692307692307692,13.0,0.48,0.28,0.24
2025-02-23,2,Newcastle United,14,Nottingham Forest,15,1.6,2.2,1.42,1.58,50.2,12.0,4.2,0.2,0.2,2.4,2.0,1.3599999999999999,1.52,41.6,11.8,4.2,0.8,0.2,9.0,0.48,0.2,0.32,12.0,0.56,0.2,0.24
2025-02-23,0,Manchester City,12,Liverpool,11,3.2,1.6,2.02,1.26,58.6,14.2,6.8,0.2,0.0,2.4,1.2,1.86,1.04,56.4,13.2,4.2,0.0,0.4,17.0,0.52,0.2,0.28,36.0,0.6923076923076923,0.2692307692307692,0.038461538461538464
2025-02-25,2,Chelsea,5,Southampton,16,1.4,2.0,1.86,1.5799999999999998,58.4,14.8,3.8,0.2,0.0,1.2,2.8,0.7,2.3199999999999994,49.0,9.6,3.4,0.0,0.0,12.0,0.46153846153846156,0.2692307692307692,0.2692307692307692,-42.0,0.07692307692307693,0.11538461538461539,0.8076923076923077
2025-02-25,0,Wolverhampton Wanderers,19,Fulham,8,1.0,1.2,1.3199999999999998,1.4200000000000002,44.8,11.0,4.4,0.8,0.0,1.2,1.0,1.32,0.6799999999999999,55.8,15.0,3.6,0.2,0.0,-18.0,0.23076923076923078,0.15384615384615385,0.6153846153846154,3.0,0.38461538461538464,0.34615384615384615,0.2692307692307692
2025-02-25,2,Brighton and Hove Albion,4,Bournemouth,2,2.0,1.8,1.7600000000000002,1.24,52.2,12.6,5.2,0.4,0.0,2.4,1.0,1.48,1.42,49.0,14.2,6.6,0.2,0.0,4.0,0.38461538461538464,0.38461538461538464,0.23076923076923078,14.0,0.46153846153846156,0.2692307692307692,0.2692307692307692
2025-02-25,2,Crystal Palace,6,Aston Villa,1,1.6,0.8,1.58,0.76,44.8,13.0,5.0,0.6,0.2,1.2,1.4,1.3199999999999998,1.6199999999999999,58.6,14.0,4.4,0.6,0.0,-1.0,0.3076923076923077,0.34615384615384615,0.34615384615384615,-2.0,0.4074074074074074,0.3333333333333333,0.25925925925925924
2025-02-26,2,Manchester United,13,Ipswich Town,9,0.8,1.6,0.9600000000000002,1.8,54.6,11.0,2.4,0.6,0.2,0.8,3.4,0.8600000000000001,2.0,37.4,9.4,4.2,0.8,0.0,-7.0,0.3076923076923077,0.23076923076923078,0.46153846153846156,-30.0,0.11538461538461539,0.3076923076923077,0.5769230769230769
2025-02-26,2,Liverpool,11,Newcastle United,14,2.0,1.0,1.6,1.06,49.2,11.6,3.8,0.0,0.4,1.8,2.8,1.58,1.6,49.6,11.0,4.0,0.2,0.4,38.0,0.7037037037037037,0.25925925925925924,0.037037037037037035,10.0,0.5,0.19230769230769232,0.3076923076923077
2025-02-26,1,Nottingham Forest,15,Arsenal,0,2.8,2.6,1.64,1.7,44.2,14.0,4.6,0.6,0.2,2.0,0.8,1.18,0.7600000000000001,57.8,14.0,4.6,0.4,0.0,11.0,0.5384615384615384,0.19230769230769232,0.2692307692307692,28.0,0.5769230769230769,0.3076923076923077,0.11538461538461539
2025-02-26,0,Tottenham Hotspur,17,Manchester City,12,2.0,1.2,1.3600000000000003,1.6199999999999999,56.8,14.2,5.2,0.2,0.0,2.8,1.6,1.7,0.9,60.8,13.2,6.2,0.4,0.0,15.0,0.38461538461538464,0.11538461538461539,0.5,15.0,0.5,0.19230769230769232,0.3076923076923077
2025-02-26,1,Brentford,3,Everton,7,1.4,1.0,1.44,1.32,48.2,14.0,5.0,0.6,0.2,2.2,1.0,1.3599999999999999,0.72,39.2,9.0,4.8,0.0,0.2,5.0,0.4230769230769231,0.15384615384615385,0.4230769230769231,-4.0,0.2692307692307692,0.38461538461538464,0.34615384615384615
2025-02-27,2,West Ham United,18,Leicester City,10,0.6,1.2,0.9400000000000001,1.32,45.8,10.6,2.6,0.6,0.0,0.4,2.6,0.64,1.6800000000000002,43.8,8.6,2.6,0.2,0.0,-17.0,0.3076923076923077,0.23076923076923078,0.46153846153846156,-34.0,0.15384615384615385,0.19230769230769232,0.6538461538461539
